conname,table_name,references_table,column_name
attachments_uploaded_by_fkey,attachments,users,uploaded_by
fk_attachments_company_id,attachments,companies,company_id
attachments_pkey,attachments,-,id
valid_contact_method,business_settings,-,preferred_contact_method
business_settings_pkey,business_settings,-,id
business_settings_company_id_key,business_settings,-,company_id
business_settings_company_id_fkey,business_settings,companies,company_id
valid_timezone,business_settings,-,timezone
valid_currency,business_settings,-,currency
valid_time_format,business_settings,-,time_format
companies_pkey,companies,-,id
companies_email_unique,companies,-,email
company_approval_settings_pkey,company_approval_settings,-,id
company_approval_settings_company_id_key,company_approval_settings,-,company_id
company_approval_settings_company_id_fkey,company_approval_settings,companies,company_id
company_customers_company_id_customer_id_key,company_customers,-,customer_id
company_customers_company_id_fkey,company_customers,companies,company_id
company_customers_company_id_customer_id_key,company_customers,-,company_id
company_customers_customer_id_fkey,company_customers,customers,customer_id
company_customers_company_id_customer_id_unique,company_customers,-,customer_id
company_customers_company_id_customer_id_unique,company_customers,-,company_id
company_customers_pkey,company_customers,-,id
company_document_templates_pkey,company_document_templates,-,id
company_document_templates_company_id_fkey,company_document_templates,companies,company_id
company_service_tags_company_id_service_tag_id_key,company_service_tags,-,company_id
company_service_tags_service_tag_id_fkey,company_service_tags,service_tags,service_tag_id
company_service_tags_company_id_service_tag_id_key,company_service_tags,-,service_tag_id
company_service_tags_pkey,company_service_tags,-,id
company_service_tags_company_id_fkey,company_service_tags,companies,company_id
company_settings_pkey,company_settings,-,id
company_settings_default_invoice_terms_check,company_settings,-,default_invoice_terms
company_settings_company_id_fkey,company_settings,companies,company_id
company_settings_default_invoice_due_days_check,company_settings,-,default_invoice_due_days
contractor_ratings_work_order_id_fkey,contractor_ratings,work_orders,work_order_id
contractor_ratings_company_id_fkey,contractor_ratings,companies,company_id
contractor_ratings_customer_id_fkey,contractor_ratings,customers,customer_id
contractor_ratings_pkey,contractor_ratings,-,id
contractor_ratings_rating_check,contractor_ratings,-,rating
coupons_company_id_fkey,coupons,companies,company_id
coupons_code_key,coupons,-,code
coupons_pkey,coupons,-,id
coupons_discount_type_check,coupons,-,discount_type
customer_addresses_address_type_check,customer_addresses,-,address_type
customer_addresses_pkey,customer_addresses,-,id
customer_addresses_customer_id_fkey,customer_addresses,customers,customer_id
fk_customer_portal_customer,customer_portal_accounts,customers,customer_id
customer_portal_accounts_auth_user_id_key,customer_portal_accounts,-,auth_user_id
customer_portal_accounts_invited_by_fkey,customer_portal_accounts,companies,invited_by
customer_portal_accounts_created_via_check,customer_portal_accounts,-,created_via
customer_portal_accounts_pkey,customer_portal_accounts,-,id
customer_portal_accounts_auth_user_fk,customer_portal_accounts,auth.users,auth_user_id
customer_portal_accounts_customer_id_fkey,customer_portal_accounts,customers,customer_id
customer_reviews_pkey,customer_reviews,-,id
customer_reviews_customer_id_fkey,customer_reviews,customers,customer_id
customer_reviews_rating_check,customer_reviews,-,rating
customer_reviews_company_fk,customer_reviews,companies,company_id
customer_signatures_customer_id_fkey,customer_signatures,customers,customer_id
customer_signatures_pkey,customer_signatures,-,id
customer_signatures_work_order_id_fkey,customer_signatures,work_orders,work_order_id
customers_company_id_fkey,customers,companies,company_id
customers_pkey,customers,-,id
customers_status_check,customers,-,status
customers_portal_account_id_fkey,customers,customer_portal_accounts,portal_account_id
customers_customer_type_check,customers,-,customer_type
customers_portal_account_fk,customers,customer_portal_accounts,portal_account_id
customers_preferred_tech_id_fkey,customers,users,preferred_technician
customers_status_history_customer_id_fkey,customers_status_history,customers,customer_id
customers_status_history_pkey,customers_status_history,-,id
default_expense_categories_pkey,default_expense_categories,-,id
document_access_log_user_id_fkey,document_access_log,users,user_id
document_access_log_document_id_fkey,document_access_log,documents,document_id
document_access_log_company_id_fkey,document_access_log,companies,company_id
document_access_log_pkey,document_access_log,-,id
document_access_log_action_check,document_access_log,-,action
document_templates_company_id_fkey,document_templates,companies,company_id
document_templates_pkey,document_templates,-,id
document_versions_document_id_version_key,document_versions,-,version
document_versions_created_by_fkey,document_versions,users,created_by
document_versions_document_id_fkey,document_versions,documents,document_id
document_versions_previous_version_id_fkey,document_versions,document_versions,previous_version_id
document_versions_pkey,document_versions,-,id
document_versions_company_id_fkey,document_versions,companies,company_id
document_versions_document_id_version_key,document_versions,-,document_id
document_workflows_status_check,document_workflows,-,status
document_workflows_pkey,document_workflows,-,id
document_workflows_company_id_fkey,document_workflows,companies,company_id
document_workflows_document_id_fkey,document_workflows,documents,document_id
document_workflows_created_by_fkey,document_workflows,users,created_by
document_workflows_reminder_frequency_check,document_workflows,-,reminder_frequency
document_workflows_approval_order_check,document_workflows,-,approval_order
document_workflows_workflow_type_check,document_workflows,-,workflow_type
documents_uploaded_by_fkey,documents,users,uploaded_by
documents_company_id_fkey,documents,companies,company_id
documents_pkey,documents,-,id
documents_parent_document_id_fkey,documents,documents,parent_document_id
employee_certifications_company_id_fkey,employee_certifications,companies,company_id
employee_certifications_employee_id_fkey,employee_certifications,users,employee_id
employee_certifications_status_check,employee_certifications,-,status
employee_certifications_pkey,employee_certifications,-,id
employee_compensation_pkey,employee_compensation,-,id
employee_compensation_user_id_fkey,employee_compensation,users,user_id
employee_compensation_pay_frequency_check,employee_compensation,-,pay_frequency
employee_development_goals_status_check,employee_development_goals,-,status
employee_development_goals_goal_category_check,employee_development_goals,-,goal_category
employee_development_goals_progress_percentage_check,employee_development_goals,-,progress_percentage
employee_development_goals_company_id_fkey,employee_development_goals,companies,company_id
employee_development_goals_pkey,employee_development_goals,-,id
employee_development_goals_priority_check,employee_development_goals,-,priority
employee_development_goals_assigned_by_fkey,employee_development_goals,users,assigned_by
employee_development_goals_employee_id_fkey,employee_development_goals,users,employee_id
employee_pay_rates_company_id_fkey,employee_pay_rates,companies,company_id
employee_pay_rates_overtime_multiplier_check,employee_pay_rates,-,overtime_multiplier
employee_pay_rates_pkey,employee_pay_rates,-,id
employee_pay_rates_employee_id_fkey,employee_pay_rates,users,employee_id
employee_performance_reviews_teamwork_rating_check,employee_performance_reviews,-,teamwork_rating
employee_performance_reviews_communication_rating_check,employee_performance_reviews,-,communication_rating
employee_performance_reviews_technical_skills_rating_check,employee_performance_reviews,-,technical_skills_rating
employee_performance_reviews_status_check,employee_performance_reviews,-,status
employee_performance_reviews_company_id_fkey,employee_performance_reviews,companies,company_id
employee_performance_reviews_reviewer_id_fkey,employee_performance_reviews,users,reviewer_id
employee_performance_reviews_overall_rating_check,employee_performance_reviews,-,overall_rating
employee_performance_reviews_performance_goals_rating_check,employee_performance_reviews,-,performance_goals_rating
employee_performance_reviews_pkey,employee_performance_reviews,-,id
employee_performance_reviews_employee_id_fkey,employee_performance_reviews,users,employee_id
employee_pto_balances_company_id_fkey,employee_pto_balances,companies,company_id
employee_pto_balances_employee_id_fkey,employee_pto_balances,users,employee_id
employee_pto_balances_pkey,employee_pto_balances,-,id
employee_pto_policies_pkey,employee_pto_policies,-,id
employee_pto_policies_employee_id_fkey,employee_pto_policies,employees,employee_id
employee_pto_policies_policy_id_fkey,employee_pto_policies,pto_policies,policy_id
employee_recognition_employee_id_fkey,employee_recognition,users,employee_id
employee_recognition_given_by_fkey,employee_recognition,users,given_by
employee_recognition_pkey,employee_recognition,-,id
employee_recognition_recognition_type_check,employee_recognition,-,recognition_type
employee_recognition_company_id_fkey,employee_recognition,companies,company_id
employee_skills_company_id_employee_id_skill_name_key,employee_skills,-,employee_id
employee_skills_company_id_employee_id_skill_name_key,employee_skills,-,company_id
employee_skills_pkey,employee_skills,-,id
employee_skills_proficiency_level_check,employee_skills,-,proficiency_level
employee_skills_assessed_by_fkey,employee_skills,users,assessed_by
employee_skills_employee_id_fkey,employee_skills,users,employee_id
employee_skills_company_id_fkey,employee_skills,companies,company_id
employee_skills_company_id_employee_id_skill_name_key,employee_skills,-,skill_name
employee_time_off_approved_by_fkey,employee_time_off,users,approved_by
employee_time_off_hours_requested_check,employee_time_off,-,hours_requested
employee_time_off_kind_check,employee_time_off,-,kind
employee_time_off_pkey,employee_time_off,-,id
employee_time_off_status_check,employee_time_off,-,status
employee_time_off_accrual_type_check,employee_time_off,-,accrual_type
employee_time_off_policy_id_fkey,employee_time_off,pto_policies,policy_id
employee_time_summary_company_id_employee_id_summary_month_key,employee_time_summary,-,company_id
employee_time_summary_company_id_employee_id_summary_month_key,employee_time_summary,-,summary_month
employee_time_summary_company_id_fkey,employee_time_summary,companies,company_id
employee_time_summary_company_id_employee_id_summary_month_key,employee_time_summary,-,employee_id
employee_time_summary_employee_id_fkey,employee_time_summary,users,employee_id
employee_time_summary_pkey,employee_time_summary,-,id
employee_timesheets_denied_by_fkey,employee_timesheets,users,denied_by
employee_timesheets_overtime_hours_check,employee_timesheets,-,overtime_hours
employee_timesheets_user_id_fkey,employee_timesheets,users,user_id
employee_timesheets_status_check,employee_timesheets,-,status
employee_timesheets_break_minutes_check,employee_timesheets,-,break_minutes
employee_timesheets_pkey,employee_timesheets,-,id
employee_timesheets_company_id_fkey,employee_timesheets,companies,company_id
employee_timesheets_employee_id_fkey,employee_timesheets,users,employee_id
employee_timesheets_approved_by_fkey,employee_timesheets,users,approved_by
employees_pkey,employees,-,id
esignatures_company_id_fkey,esignatures,companies,company_id
esignatures_invoice_id_fkey,esignatures,invoices,invoice_id
esignatures_customer_id_fkey,esignatures,customers,customer_id
esignatures_pkey,esignatures,-,id
expense_categories_company_id_name_key,expense_categories,-,name
expense_categories_reimbursement_type_check,expense_categories,-,reimbursement_type
expense_categories_pkey,expense_categories,-,id
expense_categories_company_id_name_key,expense_categories,-,company_id
expense_categories_company_id_fkey,expense_categories,companies,company_id
expense_reimbursements_expense_id_fkey,expense_reimbursements,expenses,expense_id
expense_reimbursements_employee_id_fkey,expense_reimbursements,users,employee_id
expense_reimbursements_pkey,expense_reimbursements,-,id
expense_reimbursements_method_check,expense_reimbursements,-,method
expense_reimbursements_status_check,expense_reimbursements,-,status
expenses_reimbursement_status_check,expenses,-,reimbursement_status
expenses_user_id_fkey,expenses,auth.users,user_id
expenses_status_check,expenses,-,status
expenses_company_id_fkey,expenses,companies,company_id
expenses_pkey,expenses,-,id
integration_settings_pkey,integration_settings,-,id
integration_settings_company_id_fkey,integration_settings,companies,company_id
integration_tokens_company_id_fkey,integration_tokens,companies,company_id
integration_tokens_pkey,integration_tokens,-,id
inventory_batches_pkey,inventory_batches,-,id
inventory_batches_inventory_item_id_fkey,inventory_batches,inventory_items,inventory_item_id
inventory_cycle_count_items_pkey,inventory_cycle_count_items,-,id
inventory_cycle_count_items_inventory_item_id_fkey,inventory_cycle_count_items,inventory_items,inventory_item_id
inventory_cycle_count_items_cycle_count_id_fkey,inventory_cycle_count_items,inventory_cycle_counts,cycle_count_id
inventory_cycle_counts_pkey,inventory_cycle_counts,-,id
inventory_cycle_counts_company_id_fkey,inventory_cycle_counts,companies,company_id
inventory_cycle_counts_status_check,inventory_cycle_counts,-,status
inventory_items_company_id_fkey,inventory_items,companies,company_id
inventory_items_pkey,inventory_items,-,id
inventory_items_abc_classification_check,inventory_items,-,abc_classification
inventory_locations_pkey,inventory_locations,-,id
inventory_locations_company_id_fkey,inventory_locations,companies,company_id
inventory_movements_item_id_fkey,inventory_movements,inventory_items,item_id
inventory_movements_location_id_fkey,inventory_movements,inventory_locations,location_id
inventory_movements_company_id_fkey,inventory_movements,companies,company_id
inventory_movements_pkey,inventory_movements,-,id
inventory_movements_related_work_order_id_fkey,inventory_movements,work_orders,related_work_order_id
inventory_movements_movement_type_check,inventory_movements,-,movement_type
inventory_movements_work_order_id_fkey,inventory_movements,work_orders,work_order_id
inventory_scan_log_pkey,inventory_scan_log,-,id
inventory_scan_log_scan_type_check,inventory_scan_log,-,scan_type
inventory_scan_log_scanned_by_fkey,inventory_scan_log,users,scanned_by
inventory_scan_log_inventory_item_id_fkey,inventory_scan_log,inventory_items,inventory_item_id
inventory_serial_numbers_inventory_item_id_fkey,inventory_serial_numbers,inventory_items,inventory_item_id
inventory_serial_numbers_pkey,inventory_serial_numbers,-,id
inventory_serial_numbers_status_check,inventory_serial_numbers,-,status
inventory_stock_pkey,inventory_stock,-,id
inventory_stock_company_id_fkey,inventory_stock,companies,company_id
unique_item_location_company,inventory_stock,-,location_id
inventory_stock_location_id_fkey,inventory_stock,inventory_locations,location_id
inventory_stock_item_id_location_id_key,inventory_stock,-,item_id
inventory_stock_item_id_fkey,inventory_stock,inventory_items,item_id
inventory_stock_item_id_location_id_key,inventory_stock,-,location_id
unique_item_location_company,inventory_stock,-,item_id
unique_item_location_company,inventory_stock,-,company_id
invoice_commissions_sales_rep_id_fkey,invoice_commissions,users,sales_rep_id
invoice_commissions_company_id_fkey,invoice_commissions,companies,company_id
invoice_commissions_invoice_id_fkey,invoice_commissions,invoices,invoice_id
invoice_commissions_pkey,invoice_commissions,-,id
invoice_items_invoice_id_fkey,invoice_items,invoices,invoice_id
invoice_items_pkey,invoice_items,-,id
invoice_items_discount_type_check,invoice_items,-,discount_type
invoice_payments_amount_check,invoice_payments,-,amount
invoice_payments_method_check,invoice_payments,-,method
invoice_payments_invoice_id_fkey,invoice_payments,invoices,invoice_id
invoice_payments_pkey,invoice_payments,-,id
invoices_coupon_id_fkey,invoices,coupons,coupon_id
invoices_company_fk,invoices,companies,company_id
invoices_created_by_fkey,invoices,users,created_by
invoices_customer_id_fkey,invoices,customers,customer_id
invoices_pkey,invoices,-,id
invoices_status_check,invoices,-,status
items_catalog_item_type_check,items_catalog,-,item_type
items_catalog_pkey,items_catalog,-,id
job_assignments_work_order_id_fkey,job_assignments,work_orders,work_order_id
job_assignments_employee_id_fkey,job_assignments,employees,employee_id
job_assignments_role_check,job_assignments,-,role
job_assignments_pkey,job_assignments,-,id
job_photos_pkey,job_photos,-,id
job_photos_type_check,job_photos,-,type
job_photos_uploaded_by_fkey,job_photos,users,uploaded_by
fk_job_photos_company_id,job_photos,companies,company_id
job_photos_work_order_id_fkey,job_photos,work_orders,work_order_id
job_triggers_action_check,job_triggers,-,action
job_triggers_pkey,job_triggers,-,id
job_triggers_event_check,job_triggers,-,event
job_triggers_company_id_fkey,job_triggers,companies,company_id
messages_sender_id_fkey,messages,users,sender_id
messages_sender_type_check,messages,-,sender_type
messages_pkey,messages,-,id
messages_company_fk,messages,companies,company_id
messages_recipient_id_fkey,messages,employees,recipient_id
messages_customer_id_fkey,messages,customers,customer_id
messages_service_request_id_fkey,messages,service_requests,service_request_id
messages_recipient_fkey,messages,employees,recipient_id
messages_sender_fkey,messages,employees,sender_id
messages_work_order_id_fkey,messages,work_orders,work_order_id
messages_status_check,messages,-,status
messages_message_type_check,messages,-,message_type
notification_settings_company_fk,notification_settings,companies,company_id
notification_settings_pkey,notification_settings,-,id
one_setting_per_company,notification_settings,-,company_id
notifications_user_id_fkey,notifications,auth.users,user_id
notifications_severity_check,notifications,-,severity
notifications_pkey,notifications,-,id
notifications_company_id_fkey,notifications,companies,company_id
payments_company_fk,payments,companies,company_id
payments_pkey,payments,-,id
payments_invoice_id_fkey,payments,invoices,invoice_id
po_approval_actions_approver_id_fkey,po_approval_actions,users,approver_id
po_approval_actions_action_check,po_approval_actions,-,action
po_approval_actions_workflow_id_fkey,po_approval_actions,po_approval_workflows,workflow_id
po_approval_actions_pkey,po_approval_actions,-,id
po_approval_rules_pkey,po_approval_rules,-,id
po_approval_rules_approver_user_id_fkey,po_approval_rules,users,approver_user_id
po_approval_rules_company_id_fkey,po_approval_rules,companies,company_id
po_approval_rules_vendor_category_id_fkey,po_approval_rules,vendor_categories,vendor_category_id
po_approval_workflows_company_id_fkey,po_approval_workflows,companies,company_id
po_approval_workflows_purchase_order_id_fkey,po_approval_workflows,purchase_orders,purchase_order_id
po_approval_workflows_status_check,po_approval_workflows,-,status
po_approval_workflows_pkey,po_approval_workflows,-,id
po_approval_workflows_purchase_order_id_key,po_approval_workflows,-,purchase_order_id
po_approval_workflows_created_by_fkey,po_approval_workflows,users,created_by
po_approval_workflows_approval_level_check,po_approval_workflows,-,approval_level
po_approvals_pkey,po_approvals,-,id
po_approvals_purchase_order_id_fkey,po_approvals,purchase_orders,purchase_order_id
po_approvals_company_id_fkey,po_approvals,companies,company_id
po_approvals_rule_id_fkey,po_approvals,po_approval_rules,rule_id
po_approvals_approver_user_id_fkey,po_approvals,users,approver_user_id
po_approvals_status_check,po_approvals,-,status
fk_po_items_po,po_items,purchase_orders,purchase_order_id
po_items_pkey,po_items,-,id
po_items_company_id_fkey,po_items,companies,company_id
po_items_purchase_order_id_fkey,po_items,purchase_orders,purchase_order_id
po_items_inventory_item_id_fkey,po_items,inventory_items,inventory_item_id
po_status_history_purchase_order_id_fkey,po_status_history,purchase_orders,purchase_order_id
po_status_history_changed_by_fkey,po_status_history,users,changed_by
po_status_history_company_id_fkey,po_status_history,companies,company_id
po_status_history_pkey,po_status_history,-,id
pto_ledger_employee_id_fkey,pto_ledger,employees,employee_id
pto_ledger_pkey,pto_ledger,-,id
pto_ledger_entry_type_check,pto_ledger,-,entry_type
pto_ledger_policy_id_fkey,pto_ledger,pto_policies,policy_id
pto_policies_company_id_fkey,pto_policies,companies,company_id
pto_policies_pkey,pto_policies,-,id
fk_po_vendor,purchase_orders,vendors,vendor_id
purchase_orders_approval_status_check,purchase_orders,-,approval_status
purchase_orders_approved_by_fkey,purchase_orders,users,approved_by
purchase_orders_rejected_by_fkey,purchase_orders,users,rejected_by
purchase_orders_location_type_check,purchase_orders,-,location_type
purchase_orders_related_work_order_id_fkey,purchase_orders,work_orders,related_work_order_id
purchase_orders_vendor_id_fkey,purchase_orders,vendors,vendor_id
purchase_orders_status_check,purchase_orders,-,status
purchase_orders_pkey,purchase_orders,-,id
purchase_orders_company_id_po_number_key,purchase_orders,-,company_id
purchase_orders_company_id_po_number_key,purchase_orders,-,po_number
purchase_orders_company_id_fkey,purchase_orders,companies,company_id
purchase_orders_created_by_fkey,purchase_orders,users,created_by
quote_templates_pkey,quote_templates,-,id
quote_tool_access_tool_id_fkey,quote_tool_access,quote_tools,tool_id
quote_tool_access_pkey,quote_tool_access,-,id
quote_tool_tiers_pkey,quote_tool_tiers,-,id
quote_tool_tiers_tool_id_fkey,quote_tool_tiers,quote_tools,tool_id
quote_tool_usage_tool_id_fkey,quote_tool_usage,quote_tools,tool_id
quote_tool_usage_created_by_fkey,quote_tool_usage,users,created_by
quote_tool_usage_pkey,quote_tool_usage,-,id
quote_tool_usage_tier_id_fkey,quote_tool_usage,quote_tool_tiers,tier_id
quote_tools_pkey,quote_tools,-,id
quote_tools_company_id_fkey,quote_tools,companies,company_id
rates_pricing_settings_conflict_resolution_policy_check,rates_pricing_settings,-,conflict_resolution_policy
rates_pricing_settings_company_id_fkey,rates_pricing_settings,companies,company_id
rates_pricing_settings_pkey,rates_pricing_settings,-,id
valid_frequency,recurring_jobs,-,frequency
recurring_jobs_frequency_check,recurring_jobs,-,frequency
valid_interval,recurring_jobs,-,interval_value
valid_duration,recurring_jobs,-,duration_minutes
recurring_jobs_pkey,recurring_jobs,-,id
recurring_jobs_customer_id_fkey,recurring_jobs,customers,customer_id
recurring_jobs_assigned_to_fkey,recurring_jobs,auth.users,assigned_to
recurring_jobs_created_by_fkey,recurring_jobs,auth.users,created_by
recurring_jobs_company_fk,recurring_jobs,companies,company_id
reimbursement_requests_reviewer_id_fkey,reimbursement_requests,users,reviewer_id
reimbursement_requests_employee_id_fkey,reimbursement_requests,users,employee_id
reimbursement_requests_company_id_fkey,reimbursement_requests,companies,company_id
reimbursement_requests_request_number_key,reimbursement_requests,-,request_number
reimbursement_requests_status_check,reimbursement_requests,-,status
reimbursement_requests_payment_method_check,reimbursement_requests,-,payment_method
reimbursement_requests_pkey,reimbursement_requests,-,id
reimbursement_requests_approver_id_fkey,reimbursement_requests,users,approver_id
request_tags_request_id_fkey,request_tags,service_requests,request_id
request_tags_pkey,request_tags,-,id
route_optimizations_company_fk,route_optimizations,companies,company_id
route_optimizations_pkey,route_optimizations,-,id
route_optimizations_technician_id_fkey,route_optimizations,auth.users,technician_id
route_optimizations_created_by_fkey,route_optimizations,auth.users,created_by
sales_activities_user_id_fkey,sales_activities,users,user_id
sales_activities_pkey,sales_activities,-,id
sales_activities_activity_type_check,sales_activities,-,activity_type
sales_activities_company_id_fkey,sales_activities,companies,company_id
sales_targets_pkey,sales_targets,-,id
sales_targets_user_id_fkey,sales_targets,users,user_id
sales_targets_company_id_fkey,sales_targets,companies,company_id
schedule_events_customer_id_fkey,schedule_events,customers,customer_id
schedule_events_pkey,schedule_events,-,id
schedule_events_company_id_fkey,schedule_events,companies,company_id
schedule_events_user_id_fkey,schedule_events,users,user_id
schedule_events_employee_id_fkey,schedule_events,employees,employee_id
schedule_events_created_by_fkey,schedule_events,users,created_by
schedule_events_work_order_id_fkey,schedule_events,work_orders,work_order_id
service_contracts_company_id_fkey,service_contracts,companies,company_id
service_contracts_pkey,service_contracts,-,id
service_contracts_customer_id_fkey,service_contracts,customers,customer_id
service_request_responses_status_check,service_request_responses,-,status
service_request_responses_contractor_company_id_fkey,service_request_responses,companies,contractor_company_id
service_request_responses_service_request_id_fkey,service_request_responses,service_requests,service_request_id
service_request_responses_user_id_fkey,service_request_responses,employees,user_id
service_request_responses_pkey,service_request_responses,-,id
service_requests_unique_idx,service_requests,-,zip_code
service_requests_pkey,service_requests,-,id
service_requests_status_check,service_requests,-,status
service_requests_urgency_check,service_requests,-,urgency
service_requests_customer_id_fkey,service_requests,customers,customer_id
service_requests_company_id_fkey,service_requests,companies,company_id
service_requests_unique_idx,service_requests,-,customer_id
service_requests_unique_idx,service_requests,-,title
service_tags_name_key,service_tags,-,name
service_tags_pkey,service_tags,-,id
settings_company_id_fkey,settings,companies,company_id
settings_scheduling_buffer_minutes_check,settings,-,scheduling_buffer_minutes
ck_settings_default_invoice_due_days_nonneg,settings,-,default_invoice_due_days
ck_settings_default_invoice_terms_allowed,settings,-,default_invoice_terms
settings_default_invoice_due_days_check,settings,-,default_invoice_due_days
settings_pkey,settings,-,id
shared_document_templates_pkey,shared_document_templates,-,id
signature_requests_document_id_fkey,signature_requests,documents,document_id
signature_requests_created_by_fkey,signature_requests,users,created_by
signature_requests_status_check,signature_requests,-,status
signature_requests_pkey,signature_requests,-,id
signature_requests_company_id_fkey,signature_requests,companies,company_id
subcontractor_documents_subcontractor_id_fkey,subcontractor_documents,subcontractors,subcontractor_id
subcontractor_documents_pkey,subcontractor_documents,-,id
subcontractor_timesheets_pkey,subcontractor_timesheets,-,id
subcontractor_timesheets_work_order_id_fkey,subcontractor_timesheets,work_orders,work_order_id
subcontractor_timesheets_subcontractor_id_fkey,subcontractor_timesheets,subcontractors,subcontractor_id
subcontractor_work_orders_pkey,subcontractor_work_orders,-,id
subcontractor_work_orders_subcontractor_id_fkey,subcontractor_work_orders,subcontractors,subcontractor_id
subcontractor_work_orders_status_check,subcontractor_work_orders,-,status
subcontractor_work_orders_work_order_id_fkey,subcontractor_work_orders,work_orders,work_order_id
subcontractors_company_id_fkey,subcontractors,companies,company_id
subcontractors_status_check,subcontractors,-,status
subcontractors_pkey,subcontractors,-,id
subcontractors_email_key,subcontractors,-,email
technician_locations_user_id_fkey,technician_locations,users,user_id
technician_locations_pkey,technician_locations,-,id
technician_locations_company_fk,technician_locations,companies,company_id
tool_preferences_user_id_tool_key_key,tool_preferences,-,user_id
tool_preferences_user_id_fkey,tool_preferences,users,user_id
tool_preferences_pkey,tool_preferences,-,id
tool_preferences_user_id_tool_key_key,tool_preferences,-,tool_key
tool_usage_pkey,tool_usage,-,id
tool_usage_user_id_fkey,tool_usage,auth.users,user_id
tool_usage_company_id_fkey,tool_usage,companies,company_id
tool_usage_company_id_user_id_tool_name_key,tool_usage,-,tool_name
tool_usage_company_id_user_id_tool_name_key,tool_usage,-,user_id
tool_usage_company_id_user_id_tool_name_key,tool_usage,-,company_id
ui_preferences_pkey,ui_preferences,-,id
ui_preferences_company_id_fkey,ui_preferences,companies,company_id
user_dashboard_settings_user_id_fkey,user_dashboard_settings,auth.users,user_id
user_dashboard_settings_company_id_fkey,user_dashboard_settings,companies,company_id
user_dashboard_settings_pkey,user_dashboard_settings,-,id
user_permissions_user_id_fkey,user_permissions,users,user_id
user_permissions_company_id_fkey,user_permissions,companies,company_id
user_permissions_pkey,user_permissions,-,id
users_invited_by_user_id_fkey,users,users,invited_by_user_id
users_role_check,users,-,role
users_tier_check,users,-,tier
users_status_check,users,-,status
users_pkey,users,-,id
users_email_key,users,-,email
users_company_id_fkey,users,companies,company_id
vendor_categories_pkey,vendor_categories,-,id
vendor_categories_company_id_fkey,vendor_categories,companies,company_id
vendor_categories_company_id_name_key,vendor_categories,-,name
vendor_categories_company_id_name_key,vendor_categories,-,company_id
vendor_category_assignments_vendor_id_category_id_key,vendor_category_assignments,-,category_id
vendor_category_assignments_vendor_id_fkey,vendor_category_assignments,vendors,vendor_id
vendor_category_assignments_category_id_fkey,vendor_category_assignments,vendor_categories,category_id
vendor_category_assignments_pkey,vendor_category_assignments,-,id
vendor_category_assignments_vendor_id_category_id_key,vendor_category_assignments,-,vendor_id
vendor_contacts_vendor_id_fkey,vendor_contacts,vendors,vendor_id
vendor_contacts_pkey,vendor_contacts,-,id
vendor_contacts_company_id_fkey,vendor_contacts,companies,company_id
vendor_items_pkey,vendor_items,-,id
vendor_items_vendor_id_supplier_part_number_key,vendor_items,-,vendor_id
vendor_items_vendor_id_supplier_part_number_key,vendor_items,-,supplier_part_number
vendor_items_company_id_fkey,vendor_items,companies,company_id
vendor_items_vendor_id_fkey,vendor_items,vendors,vendor_id
vendor_items_inventory_item_id_fkey,vendor_items,inventory_items,inventory_item_id
vendor_pricing_history_vendor_id_fkey,vendor_pricing_history,vendors,vendor_id
vendor_pricing_history_company_id_fkey,vendor_pricing_history,companies,company_id
vendor_pricing_history_pkey,vendor_pricing_history,-,id
vendor_pricing_history_purchase_order_id_fkey,vendor_pricing_history,purchase_orders,purchase_order_id
vendor_pricing_history_inventory_item_id_fkey,vendor_pricing_history,inventory_items,inventory_item_id
vendors_status_check,vendors,-,status
vendors_created_by_fkey,vendors,users,created_by
vendors_company_id_fkey,vendors,companies,company_id
vendors_pkey,vendors,-,id
vendors_payment_terms_check,vendors,-,payment_terms
vendors_type_check,vendors,-,vendor_type
vendors_status_history_pkey,vendors_status_history,-,id
vendors_status_history_changed_by_fkey,vendors_status_history,users,changed_by
vendors_status_history_vendor_id_fkey,vendors_status_history,vendors,vendor_id
wo_audit_pkey,wo_audit,-,id
work_order_assignments_employee_id_fkey,work_order_assignments,employees,employee_id
work_order_assignments_company_id_fkey,work_order_assignments,companies,company_id
work_order_assignments_pkey,work_order_assignments,-,id
work_order_assignments_work_order_id_fkey,work_order_assignments,work_orders,work_order_id
work_order_audit_pkey,work_order_audit,-,id
work_order_audit_work_order_id_fkey,work_order_audit,work_orders,work_order_id
work_order_audit_log_user_id_fkey,work_order_audit_log,users,user_id
work_order_audit_log_company_id_fkey,work_order_audit_log,companies,company_id
work_order_audit_log_pkey,work_order_audit_log,-,id
work_order_audit_log_work_order_id_fkey,work_order_audit_log,work_orders,work_order_id
work_order_items_pkey,work_order_items,-,id
work_order_items_company_id_fkey,work_order_items,companies,company_id
work_order_items_work_order_id_fkey,work_order_items,work_orders,work_order_id
work_order_items_type_check,work_order_items,-,item_type
work_order_items_item_type_check,work_order_items,-,item_type
work_order_items_inventory_item_id_fkey,work_order_items,inventory_items,inventory_item_id
unique_work_order_employee_date,work_order_labor,-,work_date
work_order_labor_work_order_id_fkey,work_order_labor,work_orders,work_order_id
unique_work_order_employee_date,work_order_labor,-,employee_id
work_order_labor_company_id_fkey,work_order_labor,companies,company_id
work_order_labor_pkey,work_order_labor,-,id
work_order_labor_overtime_hours_check,work_order_labor,-,overtime_hours
work_order_labor_hours_check,work_order_labor,-,hours
unique_work_order_employee_date,work_order_labor,-,work_order_id
work_order_labor_employee_id_fkey,work_order_labor,users,employee_id
work_order_milestones_amount_or_percentage_chk,work_order_milestones,-,percentage
work_order_milestones_amount_or_percentage_chk,work_order_milestones,-,amount
work_order_milestones_pkey,work_order_milestones,-,id
work_order_milestones_work_order_id_fkey,work_order_milestones,work_orders,work_order_id
work_order_versions_work_order_id_fkey,work_order_versions,work_orders,work_order_id
work_order_versions_pkey,work_order_versions,-,id
work_order_versions_company_id_fkey,work_order_versions,companies,company_id
work_order_versions_created_by_fkey,work_order_versions,users,created_by
chk_work_orders_stage_status,work_orders,-,quote_status
chk_work_orders_stage_status,work_orders,-,job_status
work_orders_service_address_id_fkey,work_orders,customer_addresses,service_address_id
work_orders_pricing_model_check,work_orders,-,pricing_model
work_orders_recurring_interval_check,work_orders,-,recurring_interval
work_orders_reminder_method_check,work_orders,-,reminder_method
work_orders_parent_job_id_fkey,work_orders,work_orders,parent_job_id
work_orders_invoice_id_fkey,work_orders,invoices,invoice_id
chk_stage_status_guard,work_orders,-,work_status
chk_stage_status_guard,work_orders,-,job_status
chk_stage_status_guard,work_orders,-,quote_status
chk_stage_status_guard,work_orders,-,stage
work_orders_status_check,work_orders,-,status
work_orders_payment_status_check,work_orders,-,payment_status
work_orders_quote_number_key,work_orders,-,quote_number
work_orders_job_number_key,work_orders,-,job_number
work_orders_pkey,work_orders,-,id
work_orders_customer_id_fkey,work_orders,customers,customer_id
work_orders_invoice_number_key,work_orders,-,invoice_number
work_orders_company_id_fkey,work_orders,companies,company_id
work_orders_assigned_technician_id_fkey,work_orders,users,assigned_technician_id
work_orders_created_by_fkey,work_orders,users,created_by
chk_work_orders_stage_status,work_orders,-,work_status
work_orders_progress_percent_check,work_orders,-,progress_percent
chk_work_orders_stage_status,work_orders,-,stage
workflow_approvals_company_id_fkey,workflow_approvals,companies,company_id
workflow_approvals_workflow_id_fkey,workflow_approvals,document_workflows,workflow_id
workflow_approvals_pkey,workflow_approvals,-,id
workflow_approvals_status_check,workflow_approvals,-,status
workflow_approvals_approver_user_id_fkey,workflow_approvals,users,approver_user_id